s,a,standard_t,secure_scan_t
1,1,0.00007245,0.2425328
1,10,0.00007162,0.2405529
1,100,0.00007649,0.2293462
1,1000,0.00014587,0.2407371
10,1,0.00005089,0.2346429
10,10,0.00005997,0.2334579
10,100,0.00008905,0.2363858
10,1000,0.00028604,0.2429067
100,1,0.00005894,0.2578437
100,10,0.00006387,0.2436956
100,100,0.00008362,0.2377459
100,1000,0.00029892,0.2403839
1000,1,0.0000587,0.2376651
1000,10,0.00006281,0.2371813
1000,100,0.00008467,0.2445085
1000,1000,0.00031492,0.2379411